NO;KECAMATAN;KODE;NAMA MAJELIS TA'LIM;NO. STATISTIK MT;TGL TAHUN BERDIRI;ALAMAT;NO. TGL SURAT KELUAR;STATUS TANAH;TTD SK
1;Pancoran Mas;1;Forum Komunikasi;43123276010001;24/10/2013;Gd. MUI Kota Depok;;;H. Asnawi
;;;Majlis Ta'lim (FKMT);;;Jl. Nusantara Raya No. 5-7;;;
;;;;;;Depok Jaya Pancoran Mas;;;
;;;;;;;;;
2;Pancoran Mas;1;M.T Hijaiyah;13123276010002;29/01/2020;Jl. Caringin Kp. Kekupu;;;H. Asnawi
;;;;;;Rt 04/04, No. 75 Kel.;;;
;;;;;;Rangkapan Jaya Lama;;;
;;;;;;Pancoran Mas; ;;
;;;;;;;;;
3;Pancoran Mas;;Al Maratussholihah;43123276010003;;Jl. H. Amsir No. 68 Rt 01/04;;;
;;;;;;Kupu Rangkapan Jaya;;;
;;;;;;Pancoran Mas;;;
;;;;;;;;;
4;Pancoran Mas;1;M.T As-sakinah;MT. 622633010004;;Jl. Cagar Alam Gg. Swadaya 2;;;
;;;;;;RT. 001/008 No. 43A Kel.;;;
;;;;;;P. Mas, Kec. P. Mas;;;
;;;;;;;;;
5;Pancoran Mas;1;M.T Nur Fadillah;MT. 622633010005;;Musholla Al Ikhlas RT 001/008;;;
;;;;;;Kel. Pan. Mas, Kec. Pan, Mas;;;
;;;;;;;;;
6;Pancoran Mas;1;M.T Sakinah;MT. 622633010006;;Jl, Cagar Alam, Gg. Swadaya 2;;;
;;;;;;RT. 02/08, No. 38;;;
;;;;;;Kel. Pan. Mas, Kec. Pan, Mas;;;
;;;;;;;;;
7;Pancoran Mas;;M.T Sa'adtuddarain;MT. 622633010007;;Jl. Pramuka RT. 03/011;;;
;;;;;;Kel. Mampang, Kec. Pan. Mas;;;
;;;;;;;;;
8;Pancoran Mas;;M.T Azzahra;MT. 622633010008;;Jl. Pitara Raya, No. 7 RT. 004/013;;;
;;;;;;Kel. Pancoran Mas;;;
;;;;;;;;;
9;Pancoran Mas;1;M.T Kaum Ibu Uswatun;MT. 622633010009;;Jl. Swadaya Raya RT. 03/08;;;
;;;Hasanah Al-Inabah;;;Kel. Pan. Mas, Kec. Pan. Mas;;;
;;;;;;;;;
10;Pancoran Mas;1;M.T Kaum Ibu Chaerunisa;MT. 622633010010;;Jl. Swadaya Raya RT. 03/08;;;
;;;Al- Inabah;;;Kel. Pan. Mas, Kec. Pan. Mas; ;;
;;;;;;;;;
11;Pancoran Mas;1;M.T Remaja Al-Inabah;MT. 622633010011;;Jl. Swadaya Raya RT. 03/08;;;
;;;;;;Kel. Pan. Mas, Kec. Pan. Mas;;;
;;;;;;;;;
12;Pancoran Mas;1;M.T Simthuddurror;MT. 622633010012;;Jl. Pitara Raya No. 78, RT. 004/016;;;
;;;;;;Kel. Pan. Mas, Kec. Pan. Mas;;;
;;;;;;;;;
13;Pancoran Mas;1;M.T Al-Ikhlas;MT. 622633010013;;Kecamatan Pancoran Mas;;;
;;;;;;;;;
14;Pancoran Mas;1;M.T Kaum Ibu Al-Ikhlas;MT. 622633010014;;Jl. Program Raya, RT. 04/04;;;
;;;;;;Kel. Pan. Mas, Kec. Pan. Mas;;;
;;;;;;;;;
15;Pancoran Mas;1;M.T Nurul Rifqi;MT. 622633010015;;Kp. Pancoran Mas, No. 33 RT. 04/08;;;
;;;;;;Kel. Pan. Mas, Kec. Pan. Mas;;;
;;;;;;;;;
16;Pancoran Mas;1;Cahaya Hati;MT. 622633010016;;RT. 01/06, No.27, Kel. Rangkapan;;;
;;;;;;Jaya, Kec. Pancoran Mas;;;
;;;;;;;;;
17;Pancoran Mas;1;Al-Ikhlas;MT. 622633010017;;Jl. Srikaya 1 No.174 RT. 005/014;;;
;;;;;;Kel. Depok Jaya,Kec. Pan. Mas;;;
;;;;;;;;;
18;Pancoran Mas;1;Karang Taruna Persada;MT. 622633010018;;Jl. H. Syuair RT. 01/02 Kel. Mampang;;;
;;;;;;Kec. Pancoran Mas;;;
;;;;;;;;;
19;Pancoran Mas;1;Al-Umahat;MT. 622633010019;;Jl. Pramuka 2, RT. 003/010 ;;;
;;;;;;Kel. Mampang, Kec. Pan. Mas;;;
;;;;;;;;;
20;Pancoran Mas;1;Al-Istiqomah;MT. 622633010020;;Jl. Pitara Raya, Gg. Kopi, RT 004/019;;;
;;;;;;Kel. Pan. Mas, Kec. Pan. Mas;;;
;;;;;;;;;
21;Pancoran Mas;1;Al-Muchlisisn;MT. 622633010021;;Jl. Program 4, RT. 004/005,;;;
;;;;;;Kel. Pan. Mas, Kec. Pan. Mas;;;
;;;;;;;;;
22;Pancoran Mas;1;Khairunnisa;MT. 622633010022;;Jl. Sarikaya 2, RT. 003/014, Kel.;;;
;;;;;;Depok Jaya, Kec. Pan. Mas;;;
;;;;;;;;;
23;Pancoran Mas;1;Khoirunnisa;MT. 622633010023;;Jl. M. Sairin 2, RT. 001/008;;;
;;;;;;Kel. Pan.  Mas, Kec. Pan. Mas;;;
;;;;;;;;;
24;Pancoran Mas;1;Hlimatussya'diah;MT. 622633010024;;Jl. Dukuh, RT. 001/009;;;
;;;;;;Kel. Rangkapan Jaya, Kec. Pan. Mas;;;
;;;;;;;;;
25;Pancoran Mas;1;Ikatan Silaturahmi Antar;MT. 622633010025;;Jl. M. Sairin 2, RW. 008;;;
;;;Warga 08 (ISLA);;;Kel. Rangkapan Jaya, Kec. Pan. Mas;;;
;;;;;;;;;
26;Pancoran Mas;1;Al-Hikmah;MT. 622633010026;;Jl. Setu Asih, Kp. Pulo RT.006/008;;;
;;;;;;Kel. Rangkapan Jaya, Kec. Pan. Mas;;;
;;;;;;;;;
27;Pancoran Mas;1;MT. Musholla Al-Istiqomah;MT. 622633010027;;Jl. Mandor Jaun 9, RT. 005/001;;;
;;;;;;Kel. Pan. Mas, Kec. Pan. Mas;;;
;;;;;;;;;
28;Pancoran Mas;1;Karang Taruna Muda;MT. 622633010028;;Jl. Dahlia, RT06/03, Kel. Mampang;;;
;;;Berkarya;;;Kec. Pancoran Mas;;;
;;;;;;;;;
29;Pancoran Mas;1;Al-Barkah;MT. 622633010029;;Jl. H. Gimang, RT 02/03, Kel. Mampang;;;
;;;;;;Kec. Pancoran Mas;;;
;;;;;;;;;
30;Pancoran Mas;1;Bahul Aamiin;MT. 622633010030;;Jl. Gg. Musholla Baitul Amin, RT. 03/014;;;
;;;;;;Kel. Pan. Mas, Kec. Pan. Mas;;;
;;;;;;;;;
31;Pancoran Mas;1;Al-Ikhwan;MT. 622633010031;;Jl. Sentiong 1, Kp. Pulo, RT. 04/09;;;
;;;;;;Kel. Rangkapan Jaya, Kec. Pan. Mas;;;
;;;;;;;;;
32;Pancoran Mas;1;Al-Istiqomah;MT. 622633010032;;Jl. Pramuka II, RT. 001/010;;;
;;;;;;Kel. Mampang, Kec. Pan. Mas;;;
;;;;;;;;;
33;Pancoran Mas;1;Raudhotul Jannah;MT. 622633010033;;RT. 06, RW. 09, Kec. Pancoran Mas;;;
;;;;;;;;;
34;Pancoran Mas;1;Al Tibyan;MT. 622633010034;;Kel. Pancoran Mas, Kec. Pan. Mas;;;
;;;;;;;;;
35;Pancoran Mas;1;MT. Remaja Persada;MT. 622633010035;;;;;
;;;;;;;;;
36;Pancoran Mas;1;MT. Rumah Berkah;MT. 622633010036;;Jl. Pelita III, Blok D, No. 6 RT. 003/015;;;
;;;;;;Kec. Pancoran Mas;;;
;;;;;;;;;
37;Pancoran Mas;1;Majelis Dzikir dan;MT. 622633010037;;;;;
;;;Silaturahmi Subuh;;;;;;
;;;;;;;;;
38;Pancoran Mas;1;Islahul Ummah;MT. 622633010038;;;;;
;;;;;;;;;
39;Pancoran Mas;1;MT. Al Hasanah;MT. 622633010039;;Jl. Raya Pitara, Gg. Kopi, No. 62 RT. 04/19;;;
;;;;;;;;;
40;Pancoran Mas;1;MT. Latansa;MT. 622633010040;;Jl. Damai 2, RT. 02/01, No. 88;;;
;;;;;;Kel. Mampang;;;
;;;;;;;;;
41;Pancoran Mas;1;MT. Al Bayyinah;MT. 622633010041;;Jl. Program V, RT. 001/004;;;
;;;;;;Kel. Pancoran Mas;;;
;;;;;;;;;
42;Pancoran Mas;1;MT. Al Amin;MT. 622633010042;;Kp. Pancoran Mas, RT. 05/02;;;
;;;;;;Kel. Pancoran Mas;;;
;;;;;;;;;
43;Pancoran Mas;1;MT Dan Dzikir Al Izzah;MT. 622633010043;;Kp. Pancoran Mas, RT. 06/08;;;
;;;;;;Kel. Pancoran Mas, Kec. Pan. Mas;;;
;;;;;;;;;
44;Pancoran Mas;1;MT Darul Ghofilin;MT. 622633010044;;Jl. Kalilicin, RT. 001/014;;;
;;;;;;Kel. Pancoran Mas, Kec. Pan Mas;;;
;;;;;;;;;
45;Pancoran Mas;1;MT. Nurul Falah;MT. 622633010045;;Kp. Pitara RT. 002/019;;;
;;;;;;Kel. Pancoran Mas, Kec. Pan. Mas;;;
;;;;;;;; ;
46;Pancoran Mas;1;MT. Khoirunnisa;MT. 622633010046;;Jl. Pancoran Mas II, RT. 01/07;;;
;;;;;;Kel. Pancoran Mas, Kec. Pan. Mas;;;
;;;;;;;;;
47;Pancoran Mas;1;MT. An Nuur;MT. 622633010047;;Gg. Senyum, RT. 03/07;;;
;;;;;;Kel. Pancoran Mas, Kec. Pan. Mas;;;
;;;;;;;;;
48;Pancoran Mas;1;MT. Nurul Khoir;MT. 622633010048;;Kp. Pancoran Mas RT. 005/017;;;
;;;;;;Kel. Pancoran Mas, Kec. Pan. Mas; ;;
;;;;;;;;;
49;Pancoran Mas;1;MT. Ashabul Jannah;MT. 622633010049;;Kp. Pancoran Mas RT. 003/017;;;
;;;;;;Kel. Pancoran Mas, Kec. Pan. Mas;;;
;;;;;;;;;
50;Pancoran Mas;1;MT. Lailatul Jum'ah;MT. 622633010050;;Kp. Pancoran Mas RT. 005/017;;;
;;;;;;Kel. Pancoran Mas, Kec. Pan. Mas;;;
;;;;;;;;;
51;Pancoran Mas;1;MT. Nurul Hidayah;MT. 622633010051;;Jl. Pitara, RT. 002/019;;;
;;;;;;Kel. Pancoran Mas, Kec. Pan. Mas;;;
;;;;;;;;;
52;Pancoran Mas;1;MT. Kaum Bapak;MT. 622633010052;;Jl. Makam Bojong RT. 02/03;;;
;;;;;;Kel. Mampang, Kec. Pan. Mas;;;
;;;;;; ;;;
53;Pancoran Mas;1;MT. Toyyibin;MT. 622633010053;;Jl. Pramuka II, RT. 03/010;;;
;;;;;;Kel. Mampang, Kec. Pan. Mas;;;
;;;;;;;;;
54;Pancoran Mas;1;MT. Nurul Huda;MT. 622633010054;;Jl. Remaja, RT 02/01;;;
;;;;;;Kel. Mampang, Kec. Pan. Mas;;;
;;;;;;;;;
55;Pancoran Mas;1;MT. Raudhatul Jannah;MT. 622633010055;;Jl. Sejahtera, RT 03/06, RW. 02;;;
;;;;;;Rangkapan Jaya Baru, Kec. Pan. Mas;;;
;;;;;;;;;
56;Pancoran Mas;1;MT. Marawis Al Istiqomah;MT. 622633010056;;Kampung Lio, Mesjid Jami At Taqwa ;;;
;;;;;;RT. 007/013, Kel. Depok. Kec. Pan. Mas;;;
;;;;;;;;;
57;Pancoran Mas;1;MT. Al Barokah;MT. 622633010057;;Kmapung Lio RT. 009/019;;;
;;;;;;Kel. Depok, Kec. Pancoran Mas;;;
;;;;;;;;;
58;Pancoran Mas;1;MT. Nurul Hikmah;MT. 622633010058;;Kampung Lio, Mesjid Jami At Taqwa ;;;
;;;;;;RT. 003/013, Kel. Depok. Kec. Pan. Mas;;;
;;;;;;;;;
59;Pancoran Mas;1;MT. Cahaya Ilmu;MT. 622633010059;;Jl. Kesejahteraan, RT. 03/02, No. 74;;;
;;;;;;Rangkapan Jaya Baru, Pancoran Mas;;;
;;;;;;;;;
60;Pancoran Mas;1;MT. Nur Hikmah;MT. 622633010060;;Jl. Mampang RT. 09/04, Kel. Mampang;;;
;;;;;;Kec. Pancoran Mas;;;
;;;;;;;;;
61;Pancoran Mas;1;MT. Al Hidayah;MT. 622633010061;;Jl. Mampang RT. 03/04, Kel. Mampang;;;
;;;;;;Kec. Pancoran Mas;;;
;;;;;;;;;
62;Pancoran Mas;1;MT. Roudhatul Iman;MT. 622633010062;;Kp. Pitara, RT 005/013, Kel. Pan. Mas;;;
;;;;;;Kec. Pancoran Mas;;;
;;;;;;;;;
63;Pancoran Mas;1;MT. Mashdarul Karomah;MT. 622633010063;;Jl. Raya Kavling, RT. 002/017;;;
;;;;;;Kel. Pan. Mas, Kec. Pan. Mas;;;
;;;;;;;;;
64;Pancoran Mas;1;MT. Nurul Hikmah;MT. 622633010064;;Jl. Raya Pitara, Gg. Bakti 4;;;
;;;;;;Kel. Pan. Mas, Kec. Pan. Mas;;;
;;;;;;;;;
65;Pancoran Mas;1;MT. Daarul Fatih;MT. 622633010065;;Kp. Jemblongan, RT. 003/012;;;
;;;;;;Kel. Pan. Mas, Kec. Pan. Mas;;;
;;;;;;;;;
66;Pancoran Mas;1;MT. Al Ikhlas;MT. 622633010066;;Kp. Pancoran Mas, RT. 03/06;;;
;;;;;;Kel. Pan. Mas, Kec. Pan. Mas;;;
;;;;;;;;;
67;Pancoran Mas;1;MT. Raudatul Jannah;MT. 622633010067;;Jl. Rembulan Raya, No. 65 RT. 06/07;;;
;;;;;;Kel. Pan. Mas, Kec. Pan. Mas;;;
;;;;;;;;;
68;Pancoran Mas;1;MT. Nurul Hidayah;MT. 622633010068;;Kp. Pancoran Mas, RT. 03/06;;;
;;;;;;Kel. Pan. Mas, Kec. Pan. Mas;;;
;;;;;;;;;
69;Pancoran Mas;1;MT. Az Zahro;MT. 622633010069;;Kp. Pitara RT. 001/015;;;
;;;;;;Kel. Pan. Mas, Kec. Pan. Mas;;;
;;;;;;;;;
70;Pancoran Mas;1;MT. Khairunnisa;MT. 622633010070;2018;Jl. Rambutan RT. 04/06;;;
;;;;;;Kel. Pan. Mas, Kec. Pan. Mas;;;
;;;;;;;;;
71;Pancoran Mas;1;MT. Ibadurrahman;MT. 622633010071;2000;Kp. Pancoran Mas, RT. 05/08;;;
;;;;;;Kel. Pan. Mas, Kec. Pan. Mas;;;
;;;;;;;;;
72;Pancoran Mas;1;MT. Tanbihul Ghofilin;MT. 622633010072;;Jl. Naming D'Botin Kp. Lio RT. 006/019;;;
;;;;;;Kel. Depok, Kec. Pancoran Mas;;;
;;;;;;;;;
73;Pancoran Mas;1;MT Assyfa;MT. 622633010073;;;;;
;;;;;;;;;
74;Pancoran Mas;1;Nurul Jannah;MT. 622633010074;;Kp. Pancoran Mas, RT. 004/006;;;
;;;;;;Kel. Pan. Mas, Kec. Pan. Mas;;;
;;;;;;;;;
75;Pancoran Mas;1;MT. Arrahman;MT. 622633010075;;Jl. Cagar Alam, No. 6, RT 001/008;;;
;;;;;;Kel. Pan. Mas, Kec. Pan. Mas;;;
;;;;;;;;;
76;Pancoran Mas;1;MT. Nurul Jannah;MT. 622633010076;;Kp. Pancoran Mas, RT. 004/006;;;
;;;;;;Kel. Pan. Mas, Kec. Pan. Mas;;;
;;;;;;;;;
77;Pancoran Mas;1;Majelis Dzikir Utrujah;MT. 622633010077;;Kp. Parung Bingung, RT. 003/013;;;
;;;;;;Kel. Rangkapan Jaya Baru, Kec. Pan. Mas;;;
;;;;;;;;;
78;Pancoran Mas;1;MT. Iluni Risma At Taqwa;MT. 622633010078;;Kp. Lio RT. 003/013, Kel. Depok;;;
;;;;;;Kec. Pancoran Mas;;;
;;;;;;;;;
79;Pancoran Mas;1;MT. Al Mujahidin;MT. 622633010079;;Kp. Pitara, RT. 002/019, Kel. Rangkapan;;;
;;;;;;Jaya, Kec. Pancoran Mas;;;
;;;;;;;;;
80;Pancoran Mas;1;MT, As Salamah;MT. 622633010080;;Kp. Pancoran Mas, RT. 003/006;;;
;;;;;;Kel. Pan. Mas, Kec. Pan. Mas;;;
;;;;;;;;;
81;Pancoran Mas;1;MT. Assidiqiyah;MT. 622633010081;;Jl. Pramuka 2, RT. 002/002;;;
;;;;;;Kel. Mampang, Kec. Pancoran Mas;;;
;;;;;;;;;
82;Pancoran Mas;1;MT. Raudhatul Hidayah;MT. 622633010082;;Kp. Manggah. RT 006/012, Kel. Depok;;;
;;;;;;Kec. Pancoran Mas;;;
;;;;;;;;;
83;Pancoran Mas;1;MT. Nidaul Jannah;MT. 622633010083;;Kp. Lio, RT 007/019, Kel. Depok;;;
;;;;;;Kec. Pancoran Mas;;;
;;;;;;;;;
84;Pancoran Mas;1;MT. Birul Walidain;MT. 622633010084;;Kp. Lio, RT 002/013, Kel. Depok;;;
;;;;;;Kec. Pancoran Mas;;;
;;;;;;;;;
85;Pancoran Mas;1;MT. Al Muthmainah;MT. 622633010085;;Gg, Citra, RT005/002, Kel. Depok;;;
;;;;;;Kec. Pancoran Mas;;;
;;;;;;;;;
86;Pancoran Mas;1;MT. AL Hasanah;MT. 622633010086;;Kp. Lio, RT 003/019, Kel. Depok;;;
;;;;;;Kec. Pancoran Mas;;;
;;;;;;;;;
87;Pancoran Mas;1;MT. Al Barkah;MT. 622633010087;;Kp. Manggah, RT. 002/012, Kel. Depok;;;
;;;;;;Kec. Pancoran Mas;;;
;;;;;;;;;
88;Pancoran Mas;1;MT. Dzikir Nur Alif;MT. 622633010088;;Kp. Manggah, RT. 002/012, Kel. Depok;;;
;;;;;;Kec. Pancoran Mas;;;
;;;;;;;;;
89;Pancoran Mas;1;Al Ikhwan;MT. 622633010089;;Kp. Pancoran Mas, RT. 008/006;;;
;;;;;;Kel. Pancoran Mas, Kec. Pan. Mas ;;;
;;;;;;;;;
90;Pancoran Mas;1;Nurul Jannah;MT. 622633010090;;Lingkungan RT, 001/002;;;
;;;;;;Kel. Pancoran Mas, Kec. Pan. Mas ;;;
;;;;;;;;;
91;Pancoran Mas;1;An Nur;MT. 622633010091;;Kp. Jemblongan RT. 001/012;;;
;;;;;;Kel. Pancoran Mas, Kec. Pan. Mas ;;;
;;;;;;;;;
92;Pancoran Mas;1;An Nahl;MT. 622633010092;;Jl. Rusman, RT. 003/017;;;
;;;;;;Kel. Pancoran Mas, Kec. Pan. Mas ;;;
;;;;;;;;;
93;Pancoran Mas;1;Syubahul Khoir;MT. 622633010093;;Kp. Lio, RT. 003/019, No. 14;;;
;;;;;;Kel. Depok, Kec. Pancoran Mas;;;
;;;;;;;;;
94;Pancoran Mas;1;Al Muthma'innah;MT. 622633010094;;Jl. Masjid Lama, RT. 003/004, Kp. Kekupu;;;
;;;;;;Kel. Rangkapan Jaya, Kec. Pan. Mas;;;
;;;;;;;;;
95;Pancoran Mas;1;MT. As, Salafi;MT. 622633010095;;Jl. Rembulan Raya RT. 01/07;;;
;;;;;;Kel. Pancoran Mas, Kec. Pan. Mas ;;;
;;;;;;;;;
96;Pancoran Mas;1;MT. Al Ma'uunah;MT. 622633010096;;Jl. Pitara Raya, No. 41, Sengon, RT. 08/10;;;
;;;;;;Kel. Pancoran Mas, Kec. Pan. Mas ;;;
;;;;;;;;;
97;Pancoran Mas;1;MT. Bahjatul Umma;MT. 622633010097;;Jl. Sawadaya Raya, RT. 005/008;;;
;;;;;;Kel. Pancoran Mas, Kec. Pan. Mas ;;;
;;;;;;;;;
98;Pancoran Mas;1;MT. Nurul Hikmah;MT. 622633010098;;Kp. Pancoran Mas, RT. 007/018;;;
;;;;;;Kel. Pancoran Mas, Kec. Pan. Mas ;;;
;;;;;;;;;
99;Pancoran Mas;1;MT. Khaerunnisa;MT. 622633010099;;Jl. Jordan 05, Musholla Al Hijrah;;;
;;;;;;RT. 05/03, Kel. Mampang, Kec. Pan. Mas;;;
;;;;;;;;;
100;Pancoran Mas;1;MT. Khoirunnisa;MT. 622633010100;;Kp. Sengon, RT. 06/09;;;
;;;;;;Kel. Pancoran Mas, Kec. Pan. Mas ;;;
;;;;;;;;;
101;Pancoran Mas;1;MT. Al Anshor;MT. 622633010101;;Kp. Grogol, RT. 05/01, Kel. Rangkapan;;;
;;;;;;Jaya, Kec. Pancoran Mas;;;
;;;;;;;;;
102;Pancoran Mas;1;MT. Daarul Fatih;MT. 622633010102;;Kp. Jemblongan, RT. 003/012;;;
;;;;;;Kel. Pancoran Mas, Kec. Pan. Mas ;;;
;;;;;;;;;
103;Pancoran Mas;1;MT. Raudatul Jannah;MT. 622633010103;;Kp. Pancoran Mas, RT. 06/07;;;
;;;;;;Kel. Pancoran Mas, Kec. Pan. Mas ;;;
;;;;;;;;;
104;Pancoran Mas;1;MT. Al Barkah;MT. 622633010104;;Kp. Manggah, RT 002/012, Kel. Depok;;;
;;;;;;Kec. Pancoran Mas;;;
;;;;;;;;;
105;Pancoran Mas;1;MT. Nurul Jannah;MT. 622633010105;;Kp. Pancoran Mas, RT. 001/002;;;
;;;;;;Kel. Pancoran Mas, Kec. Pan. Mas ;;;
;;;;;;;;;
106;Pancoran Mas;1;MT. Raudhatul Hidayah;MT. 622633010106;;Kp. Manggah, RT. 006/012, Kel. Depok;;;
;;;;;;Kec. Pancoran Mas;;;
;;;;;;;;;
107;Pancoran Mas;1;MT. Nurul Iman;MT. 622633010107;;Jl. Kembang Lio, RT. 003/013, Kel. Depok;;;
;;;;;;Kec. Pancoran Mas;;;
;;;;;;;;;
108;Pancoran Mas;1;MT. Nurul Aminah;MT. 622633010108;;Kp. Pitara, RT.001/013;;;
;;;;;;Kel. Pancoran Mas, Depok;;;
;;;;;;;;;
109;Pancoran Mas;1;MT. Azzahra;MT. 622633010109;;Kp. Pitara, RT.004/013;;;
;;;;;;Kel. Pancoran Mas, Kec. Pan. Mas;;;
;;;;;;;;;
110;Pancoran Mas;1;MT. Nurul Islam;MT. 622633010110;;Jl. Belimbing Dewa, Kp. Pitara, RT. 008;;;
;;;;;;RW. 013, Kel. Pan. Mas, Kec. Pan. Mas;;;
;;;;;;;;;
111;Pancoran Mas;1;MT. An Najah;MT. 622633010111;;Gg. Bambu Kuning 2, Kp. Pitara, RT. 007;;;
;;;;;;RW. 013, Kel. Pan. Mas, Kec. Pan. Mas;;;
;;;;;;;;;
112;Pancoran Mas;1;MT. Balai Wartawan;MT. 622633010112;;Jl. Margonda Raya, No. 54;;;
;;;Kota Depok;;;Kota Depok;;;
;;;;;;;;;
113;Pancoran Mas;1;MT. Al - Barokah;MT. 622633010113;;Kp. Pancoran Mas RT.007/006;;;
;;;;;;Kel. Pancoran Mas, Kec. Pan. Mas;;;
;;;;;;Kota Depok;;;
;;;;;;;;;
114;Pancoran Mas;1;MT. Al - Aqlam;MT. 622633010114;;Gg. Dahlia 3, No. 88, RT. 04, RW. 03;;;
;;;;;;Kel. Mampang, Kec. Pan. Mas, Depok;;;
;;;;;;;;;
115;Pancoran Mas;1;MT. Nurul Anwar;MT. 622633010115;;Jl. H. Amsir, No. 53, RT. 001/004;;;
;;;;;;Rangkapan Jaya, Pancoran Mas;;;
;;;;;;;;;
116;Pancoran Mas;1;MT. Nurul Falah;MT. 622633010116;;Kp. Pitara RT. 007/015, Kel. Pan Mas;;;
;;;;;;Kec. Pancoran Mas, Depok;;;
;;;;;;;;;
117;Pancoran Mas;1;MT. Al Barkah;MT. 622633010117;;Kp. Sengon, Jl. Pindahan RT. 009/010;;;
;;;;;;Kel. Pancoran Mas, Kec. Pancoran;;;
;;;;;;Mas, Kota Depok;;;
;;;;;;;;;
118;Pancoran Mas;1;MT. Al - Istiqomah;MT. 622633010118;;Kp. Pancoran Mas, RT. 003, RW. 018;;;
;;;;;;Kel. Pancoran Mas, Kec. Pancoran;;;
;;;;;;Mas, Kota Depok;;;
;;;;;;;;;
119;Pancoran Mas;1;MT. Baiturahman;MT. 622633010119;;Kp. Pitara, Jl. Keramat Asem, RT. 004;;;
;;;;;;RW. 014, Kel. Pancoran Mas, Kec.;;;
;;;;;;Pancoran Mas, Kota Depok;;;
;;;;;;;;;
